date,demand_mean,demand_max,demand_min,demand_sum,rrp_mean,rrp_max,rrp_min,rrp_median,record_count
2012-07-01,8554.514,10901.710,6458.570,402062.160,58.026,79.590,34.420,58.370,47
2012-07-02,9417.618,11695.390,6800.310,452045.640,96.645,242.830,-59.280,85.850,48
2012-07-03,9569.311,11801.080,7094.820,459326.950,79.676,120.420,61.570,76.490,48
2012-07-04,9593.821,11738.110,6995.280,460503.400,71.692,115.410,54.600,68.105,48
2012-07-05,9583.006,11828.560,7060.880,459984.300,71.319,133.630,54.410,66.020,48
2012-07-06,9547.981,11386.690,7109.190,458303.100,67.860,92.220,53.970,65.620,48
2012-07-07,8895.054,10627.300,6953.280,426962.610,64.006,103.150,51.750,59.950,48
2012-07-08,8397.286,10490.400,6616.380,403069.740,60.197,96.040,49.140,55.990,48
2012-07-09,9215.730,11270.910,6742.180,442355.020,75.847,238.270,50.720,72.440,48
2012-07-10,9387.458,11338.830,6979.730,450597.980,80.554,186.550,55.090,77.605,48
2012-07-11,8839.291,10519.170,6673.440,424285.990,59.191,68.960,52.900,58.115,48
2012-07-12,9128.072,10971.920,6625.360,438147.450,65.803,106.150,43.610,66.605,48
2012-07-13,8591.519,9853.220,6625.650,412392.920,58.863,66.090,48.730,58.685,48
2012-07-14,8036.947,9563.390,6317.380,385773.460,55.876,67.150,48.290,55.910,48
2012-07-15,8006.228,10327.840,6151.530,384298.960,57.399,91.560,42.620,55.635,48
2012-07-16,8985.213,11186.800,6411.010,431290.230,62.674,78.950,50.230,59.490,48
2012-07-17,9069.909,10903.660,6906.150,435355.620,61.839,93.780,51.880,56.335,48
2012-07-18,8900.839,10780.390,6624.650,427240.250,58.685,85.810,49.740,55.875,48
2012-07-19,9265.256,11467.000,6806.800,444732.280,60.139,80.300,51.750,56.475,48
2012-07-20,9278.529,11023.440,7034.770,445369.380,62.307,82.990,50.820,59.330,48
2012-07-21,8684.421,10482.850,6826.310,416852.210,62.977,82.440,53.980,63.400,48
2012-07-22,8381.573,10649.180,6462.970,402315.480,63.879,96.800,55.360,61.965,48
2012-07-23,9145.723,11441.970,6550.540,438994.710,84.867,291.660,53.620,65.940,48
2012-07-24,9330.405,11442.570,6854.370,447859.460,78.895,235.150,52.360,70.110,48
2012-07-25,9005.200,10842.580,6809.770,432249.600,60.805,79.620,52.280,58.525,48
2012-07-26,8959.434,10844.470,6634.790,430052.820,59.955,78.300,42.740,59.055,48
2012-07-27,9030.410,10808.800,6709.870,433459.680,59.387,81.280,51.070,56.015,48
2012-07-28,8529.444,10183.270,6751.040,409413.320,57.979,78.590,50.170,57.160,48
2012-07-29,8418.771,10692.910,6474.800,404101.010,63.776,125.840,50.750,57.410,48
2012-07-30,9349.903,11832.230,6773.310,448795.360,62.271,111.630,53.450,56.145,48
2012-07-31,9643.917,11897.550,7075.850,462908.020,69.677,291.230,52.620,57.210,48
2012-08-01,9592.763,11887.600,7158.180,460452.620,79.242,193.590,55.080,63.480,48
2012-08-02,9496.641,11542.510,7246.500,455838.790,63.008,85.400,52.370,60.510,48
2012-08-03,9272.800,10932.160,7076.170,445094.420,60.559,88.130,50.760,56.250,48
2012-08-04,8407.991,9878.960,6724.910,403583.590,59.368,82.930,50.690,56.335,48
2012-08-05,8015.940,9905.910,6451.240,384765.120,53.823,63.690,48.930,53.540,48
2012-08-06,8796.688,10983.000,6386.830,422241.040,64.079,136.840,49.190,56.845,48
2012-08-07,9208.062,11230.690,7013.160,441987.000,59.138,93.050,52.140,55.935,48
2012-08-08,9010.244,10747.610,6969.160,432491.690,56.750,75.230,50.900,55.215,48
2012-08-09,8972.045,11061.250,6614.580,430658.180,57.434,89.210,49.640,55.685,48
2012-08-10,9426.211,11344.030,6978.670,452458.120,64.608,132.950,54.350,59.425,48
2012-08-11,8762.560,10487.820,6830.670,420602.870,60.766,81.690,52.950,59.700,48
2012-08-12,8420.404,10642.420,6465.330,404179.400,57.582,87.640,49.770,55.845,48
2012-08-13,8987.657,10934.240,6736.520,431407.530,57.214,79.290,51.110,55.800,48
2012-08-14,9168.332,11114.870,6985.590,440079.950,57.529,77.810,50.930,55.475,48
2012-08-15,8814.036,10334.430,6848.090,423073.740,55.379,60.710,51.080,54.985,48
2012-08-16,8714.530,10336.060,6731.290,418297.440,53.810,59.090,48.230,54.505,48
2012-08-17,8827.488,10504.070,6673.590,423719.400,54.585,60.680,50.050,55.040,48
2012-08-18,8238.239,9885.400,6548.520,395435.470,57.779,66.560,50.340,56.070,48
2012-08-19,8001.713,9845.550,6439.440,384082.210,60.611,96.170,50.570,56.505,48
2012-08-20,8966.211,11014.040,6646.140,430378.130,60.182,86.260,51.040,56.665,48
2012-08-21,8782.076,10321.090,6887.300,421539.670,56.321,72.540,51.450,55.080,48
2012-08-22,8406.484,9740.960,6542.560,403511.250,52.481,57.880,50.250,51.645,48
2012-08-23,8196.008,9630.980,6156.290,393408.370,51.966,56.630,46.890,51.885,48
2012-08-24,8236.318,9655.180,6183.430,395343.250,53.895,57.580,49.780,53.995,48
2012-08-25,7730.159,9093.080,6301.320,371047.610,53.172,58.830,49.850,53.245,48
2012-08-26,7677.055,9575.600,6145.070,368498.660,52.132,59.210,46.860,50.815,48
2012-08-27,8627.240,10492.660,6487.590,414107.500,54.072,63.800,49.070,53.160,48
2012-08-28,8676.158,10311.260,6704.750,416455.570,52.804,58.230,48.400,52.495,48
2012-08-29,8483.648,9882.160,6558.000,407215.100,51.923,55.850,48.310,51.060,48
2012-08-30,8276.588,9871.630,6326.200,397276.210,51.536,56.010,48.060,51.050,48
2012-08-31,8607.606,10378.470,6424.130,413165.090,55.523,79.940,48.140,52.325,48
2012-09-01,8275.844,9812.720,6706.270,397240.510,56.322,68.340,48.850,55.835,48
2012-09-02,7725.741,9263.420,6419.120,370835.550,51.815,59.140,47.290,50.970,48
2012-09-03,8448.020,10017.470,6420.580,405504.980,58.155,102.760,49.170,55.060,48
2012-09-04,8401.285,9749.720,6550.600,403261.680,52.634,62.360,47.170,51.740,48
2012-09-05,8050.099,9263.740,6292.790,386404.740,51.988,59.710,44.050,51.610,48
2012-09-06,7868.791,9205.330,5959.910,377701.990,50.703,54.040,42.670,51.155,48
2012-09-07,7962.912,9280.250,5995.110,382219.780,50.771,55.720,40.830,51.110,48
2012-09-08,7462.039,8724.540,6031.900,358177.870,49.887,63.190,39.090,50.485,48
2012-09-09,7244.825,8852.080,5883.970,347751.620,52.154,63.630,48.180,51.265,48
2012-09-10,8070.070,9430.580,6213.210,387363.350,54.803,64.160,50.910,54.370,48
2012-09-11,8105.399,9386.360,6251.600,389059.130,54.848,70.660,48.410,54.045,48
2012-09-12,8028.091,9218.510,6250.890,385348.390,52.355,57.220,45.780,51.825,48
2012-09-13,8256.639,9987.440,6081.740,396318.690,54.882,65.810,49.950,54.755,48
2012-09-14,8205.585,9320.270,6449.800,393868.070,54.859,62.270,51.390,54.760,48
2012-09-15,7643.717,8835.440,6299.430,366898.430,54.748,66.830,51.120,54.670,48
2012-09-16,7269.550,8737.920,6080.290,348938.380,53.534,62.820,48.850,52.795,48
2012-09-17,7996.234,9516.140,6000.190,383819.240,54.760,64.620,49.030,54.985,48
2012-09-18,8127.834,9577.980,6216.500,390136.040,54.596,57.840,51.570,54.775,48
2012-09-19,7972.045,9170.690,6195.550,382658.150,54.442,62.780,47.310,54.525,48
2012-09-20,7957.490,9161.640,6176.260,381959.510,52.691,57.820,45.650,53.000,48
2012-09-21,7741.756,8740.350,5988.120,371604.270,51.929,65.910,40.900,52.420,48
2012-09-22,7246.810,8219.220,6021.880,347846.880,51.668,60.060,45.040,51.730,48
2012-09-23,6893.410,8144.590,5765.650,330883.690,49.542,62.390,41.740,50.195,48
2012-09-24,7681.012,9064.930,5884.060,368688.570,54.977,69.850,41.550,55.705,48
2012-09-25,7900.209,9058.660,6202.350,379210.010,53.775,67.210,43.450,53.165,48
2012-09-26,7766.455,8955.990,6061.880,372789.820,50.387,60.000,40.340,51.250,48
2012-09-27,7699.735,8864.650,5968.130,369587.260,50.342,57.800,38.640,51.535,48
2012-09-28,7743.722,8862.640,5816.390,371698.650,50.445,60.700,19.580,52.585,48
2012-09-29,6966.466,7971.470,5691.330,334390.350,49.358,54.440,39.980,51.160,48
2012-09-30,6724.103,7766.570,5560.800,322756.960,49.465,55.220,39.340,51.175,48
2012-10-01,6893.357,8220.070,5689.100,330881.120,50.830,65.710,40.580,51.525,48
2012-10-02,7659.914,8956.050,5881.600,367675.890,52.594,67.130,39.280,52.340,48
2012-10-03,7719.536,8830.360,6024.540,370537.750,51.406,60.920,40.660,52.030,48
2012-10-04,7754.376,9037.950,5857.700,372210.050,51.937,68.740,24.940,52.490,48
2012-10-05,7895.141,9102.020,5879.500,378966.750,60.885,144.990,42.320,56.315,48
2012-10-06,7258.057,8324.220,5813.540,348386.750,58.087,74.930,51.240,57.465,48
2012-10-07,6852.085,8082.640,5656.460,328900.060,54.216,62.220,48.150,53.800,48
2012-10-08,7692.027,8726.690,5800.220,369217.310,61.792,88.350,53.330,62.110,48
2012-10-09,7818.789,8715.650,6014.030,375301.880,67.332,88.270,54.170,68.495,48
2012-10-10,7780.966,8617.890,5989.710,373486.370,60.311,91.300,50.310,56.410,48
2012-10-11,8008.332,8978.860,6076.740,384399.950,72.707,120.020,51.540,67.935,48
2012-10-12,8277.632,9434.510,6153.520,397326.320,64.565,110.000,50.660,60.765,48
2012-10-13,7412.373,8257.340,6192.030,355793.890,57.678,67.360,51.970,55.320,48
2012-10-14,7025.002,8157.890,5799.420,337200.080,55.414,66.010,51.910,54.975,48
2012-10-15,7716.986,8562.860,5832.290,370415.320,54.856,67.750,49.080,54.450,48
2012-10-16,7842.438,8912.520,5906.390,376437.030,75.339,277.890,50.930,54.105,48
2012-10-17,7680.935,8571.280,5773.020,368684.900,54.104,64.490,49.450,53.745,48
2012-10-18,7775.856,8560.950,5866.370,373241.110,55.139,61.680,49.260,55.380,48
2012-10-19,7896.998,9000.510,5909.110,379055.880,56.335,69.420,49.150,56.180,48
2012-10-20,7256.160,7976.820,5755.510,348295.690,54.327,60.900,49.180,54.060,48
2012-10-21,6817.095,7705.900,5650.890,327220.560,52.085,60.530,47.130,51.930,48
2012-10-22,7611.766,8540.040,5748.540,365364.790,55.710,62.190,48.840,54.865,48
2012-10-23,7602.599,8370.290,5950.090,364924.730,51.488,58.780,40.650,52.120,48
2012-10-24,7758.285,8466.740,5961.060,372397.670,54.213,61.290,46.110,55.060,48
2012-10-25,7829.941,8974.710,5856.800,375837.190,53.540,56.590,48.780,54.210,48
2012-10-26,7643.826,8595.230,5900.980,366903.650,53.168,60.790,48.930,52.545,48
2012-10-27,6973.686,7694.940,5780.110,334736.950,51.680,54.970,48.120,51.895,48
2012-10-28,6787.060,7757.220,5517.600,325778.900,51.719,55.000,48.490,51.405,48
2012-10-29,7635.816,8486.270,5640.380,366519.180,56.680,65.040,48.260,57.605,48
2012-10-30,7821.315,8662.140,5926.470,375423.120,62.512,143.370,49.100,55.130,48
2012-10-31,7984.168,9180.570,5852.720,383240.060,56.336,73.960,49.490,55.510,48
2012-11-01,7962.542,9117.700,5839.670,382202.020,55.511,61.300,49.330,55.945,48
2012-11-02,7558.127,8432.050,5860.110,362790.110,54.704,61.520,50.700,55.010,48
2012-11-03,7078.223,7878.170,5717.090,339754.710,53.111,55.610,49.340,53.190,48
2012-11-04,6925.138,8003.540,5621.850,332406.610,51.926,57.100,48.230,51.120,48
2012-11-05,8025.186,9423.990,5747.540,385208.910,54.758,62.190,48.250,54.705,48
2012-11-06,8176.180,9503.090,5954.230,392456.630,53.303,55.230,50.010,53.835,48
2012-11-07,8025.204,9101.170,5977.830,385209.800,53.993,59.650,50.400,53.915,48
2012-11-08,8048.830,9230.620,5908.060,386343.820,53.159,56.390,50.060,53.260,48
2012-11-09,7974.399,9129.080,5995.410,382771.160,53.189,56.810,50.100,53.085,48
2012-11-10,7007.648,7796.400,5822.140,336367.100,51.351,54.340,49.730,51.040,48
2012-11-11,6697.953,7606.300,5518.790,321501.730,50.107,52.580,47.740,49.915,48
2012-11-12,7631.541,8603.500,5663.650,366313.970,52.296,56.250,49.640,51.645,48
2012-11-13,7672.230,8513.340,5788.410,368267.020,52.202,55.450,49.750,52.015,48
2012-11-14,7761.300,8637.330,5816.450,372542.380,54.286,59.190,50.160,55.210,48
2012-11-15,7941.981,8912.740,5921.220,381215.090,54.374,58.640,50.550,54.595,48
2012-11-16,7794.343,8812.350,5937.830,374128.470,53.267,56.930,50.890,53.165,48
2012-11-17,7004.969,7905.250,5753.180,336238.500,51.956,55.780,50.320,51.235,48
2012-11-18,6770.132,7692.390,5492.630,324966.340,51.671,53.960,49.780,51.205,48
2012-11-19,7565.489,8488.290,5728.100,363143.490,53.095,59.370,51.050,52.940,48
2012-11-20,7607.341,8430.170,5755.520,365152.350,51.975,54.720,50.760,51.920,48
2012-11-21,7765.265,8687.250,5842.690,372732.720,51.771,53.050,50.680,51.825,48
2012-11-22,7759.603,8636.240,5915.960,372460.930,51.935,53.900,50.460,51.925,48
2012-11-23,7727.245,8617.550,5892.320,370907.780,51.859,53.590,50.590,51.835,48
2012-11-24,7312.145,8089.640,5775.940,350982.950,52.554,54.720,49.800,53.110,48
2012-11-25,7713.077,9240.740,5810.020,370227.720,53.725,58.620,50.240,53.275,48
2012-11-26,8512.768,10245.850,6064.520,408612.870,62.116,125.950,51.920,54.580,48
2012-11-27,8328.391,9593.670,6166.450,399762.790,55.978,83.270,51.490,53.490,48
2012-11-28,8175.679,9209.980,6006.490,392432.580,58.614,93.600,49.750,54.800,48
2012-11-29,8762.694,10587.760,6153.140,420609.330,97.664,317.970,49.800,58.590,48
2012-11-30,9502.038,11913.490,6405.000,456097.840,110.041,263.850,52.850,70.070,48
2012-12-01,8757.719,10659.260,6544.020,420370.490,55.058,62.160,50.720,55.005,48
2012-12-02,7473.905,8122.790,6335.350,358747.420,52.249,53.910,49.830,52.455,48
2012-12-03,8040.151,9180.140,5988.030,385927.250,53.046,55.900,50.150,53.155,48
2012-12-04,7924.795,9084.810,5992.450,380390.140,51.167,54.080,43.770,51.850,48
2012-12-05,7698.558,8551.150,5883.650,369530.780,51.387,53.570,47.820,51.415,48
2012-12-06,7811.973,8611.100,6025.470,374974.710,52.266,55.460,49.800,52.180,48
2012-12-07,7893.767,8918.600,6032.430,378900.820,51.660,54.160,49.740,51.225,48
2012-12-08,7622.788,8745.960,5965.720,365893.810,51.418,53.670,49.280,51.220,48
2012-12-09,7162.006,8042.710,5921.880,343776.290,48.049,50.510,44.420,48.395,48
2012-12-10,7778.584,8776.490,5778.410,373372.030,49.648,51.920,44.350,50.730,48
2012-12-11,7798.908,8653.310,5918.220,374347.590,49.551,51.780,42.430,50.710,48
2012-12-12,7997.704,9047.870,5964.430,383889.800,50.290,59.670,45.950,50.640,48
2012-12-13,8228.227,9524.340,5989.990,394954.890,52.808,115.450,43.870,51.250,48
2012-12-14,8296.803,9688.490,6161.160,398246.550,51.614,58.530,48.690,51.160,48
2012-12-15,7467.399,8335.010,6002.910,358435.140,50.074,52.330,47.980,49.870,48
2012-12-16,7727.203,9269.430,5746.380,370905.740,49.061,52.540,44.520,49.820,48
2012-12-17,7981.733,9027.780,5958.210,383123.170,49.594,52.610,46.050,49.830,48
2012-12-18,8336.120,9988.960,6068.840,400133.750,50.419,54.920,47.340,50.160,48
2012-12-19,8723.426,10437.470,6185.600,418724.440,50.660,54.170,47.100,50.375,48
2012-12-20,8645.649,10225.790,6274.790,414991.130,50.429,55.930,48.630,50.220,48
2012-12-21,7880.184,8954.610,6083.040,378248.820,49.689,51.430,48.030,49.785,48
2012-12-22,7571.212,8625.010,5943.440,363418.190,49.863,52.190,47.350,49.830,48
2012-12-23,7947.661,9679.330,5929.450,381487.740,49.557,54.520,45.980,49.820,48
2012-12-24,8295.066,10543.270,5843.550,398163.180,50.136,52.250,47.190,49.845,48
2012-12-25,6281.965,7006.520,5493.490,301534.310,44.377,47.720,26.990,45.495,48
2012-12-26,6151.132,6746.090,5074.630,295254.360,44.651,47.850,28.090,46.050,48
2012-12-27,6903.195,7790.370,5359.670,331353.370,47.081,49.660,45.530,46.905,48
2012-12-28,7131.464,8235.980,5549.370,342310.270,48.000,49.800,46.050,47.930,48
2012-12-29,6774.406,7426.610,5515.870,325171.470,46.880,50.250,45.660,46.420,48
2012-12-30,6654.798,7324.850,5432.020,319430.310,46.277,48.650,45.720,46.050,48
2012-12-31,7458.645,9205.530,5530.520,358014.960,47.382,49.970,45.800,46.890,48
2013-01-01,7368.484,8840.880,5622.050,353687.220,46.244,49.990,38.670,46.465,48
2013-01-02,7527.440,8612.440,5721.180,361317.140,47.650,51.360,37.370,49.470,48
2013-01-03,7722.173,9068.260,5719.070,370664.310,48.026,60.230,35.320,49.635,48
2013-01-04,8289.772,10011.360,6034.670,397909.050,49.598,62.110,40.100,50.650,48
2013-01-05,8250.398,10203.360,6127.340,396019.120,51.645,65.060,44.960,50.870,48
2013-01-06,7971.730,9593.610,6037.630,382643.030,48.662,51.890,44.110,49.830,48
2013-01-07,8865.505,11012.950,6192.260,425544.250,54.346,103.510,43.380,51.220,48
2013-01-08,10025.884,12972.780,6430.260,481242.450,51.944,72.180,45.460,50.870,48
2013-01-09,8363.634,9314.950,6881.660,401454.450,49.063,50.710,44.730,49.745,48
2013-01-10,8147.051,9345.610,6091.360,391058.450,48.974,51.520,44.850,49.800,48
2013-01-11,9255.343,11841.880,6162.760,444256.470,56.889,103.240,45.410,51.305,48
2013-01-12,8413.599,10186.120,6399.170,403852.740,50.726,53.640,46.690,50.585,48
2013-01-13,7461.992,8310.100,6109.440,358175.610,49.349,50.880,45.570,49.805,48
2013-01-14,7753.035,8739.530,6012.340,372145.660,49.255,51.180,45.490,49.725,48
2013-01-15,7974.024,9108.810,5982.640,382753.150,49.288,51.520,45.220,49.780,48
2013-01-16,8579.439,10531.310,6133.010,411813.090,49.784,54.740,45.400,49.975,48
2013-01-17,9277.051,11476.070,6399.000,445298.460,53.873,124.200,44.590,51.275,48
2013-01-18,10362.094,13787.850,6653.080,497380.530,67.263,149.980,47.120,51.880,48
2013-01-19,7645.365,8502.220,6568.970,366977.510,48.050,50.100,44.740,48.940,48
2013-01-20,7249.485,8041.140,5899.230,347975.260,47.384,50.000,44.110,47.960,48
2013-01-21,8612.940,10117.800,6180.510,413421.100,49.764,51.850,44.850,50.295,48
2013-01-22,8910.109,11044.900,6427.270,427685.210,49.675,52.290,44.980,49.885,48
2013-01-23,8295.718,9568.200,6324.760,398194.480,49.291,53.600,44.850,49.800,48
2013-01-24,8783.270,10531.600,6201.080,421596.980,50.336,78.700,44.850,49.845,48
2013-01-25,9219.021,11367.570,6525.590,442513.020,50.637,63.060,45.380,50.195,48
2013-01-26,8184.402,9362.050,6461.180,392851.290,48.403,53.340,44.730,49.775,48
2013-01-27,7398.378,8048.450,6284.190,355122.160,48.602,50.770,44.250,49.690,48
2013-01-28,7449.822,8449.770,5909.890,357591.460,48.890,51.730,44.850,49.775,48
2013-01-29,8297.251,9661.300,5983.470,398268.050,49.686,55.440,44.850,50.115,48
2013-01-30,8308.961,9514.280,6153.510,398830.140,50.205,52.430,45.620,50.395,48
2013-01-31,8936.370,10928.470,6273.820,428945.770,53.797,70.860,44.850,53.415,48
2013-02-01,8203.648,9679.530,6468.700,393775.100,49.943,52.360,44.850,49.880,48
2013-02-02,7128.482,7982.330,5930.620,342167.130,47.957,49.780,43.930,48.385,48
2013-02-03,6936.051,7706.250,5670.710,332930.440,47.544,50.400,42.780,48.525,48
2013-02-04,8001.600,9047.930,5980.270,384076.800,49.667,52.650,44.290,50.785,48
2013-02-05,8200.650,9383.880,6184.160,393631.210,50.692,58.010,44.330,51.325,48
2013-02-06,8315.736,9595.780,6203.280,399155.310,50.601,55.340,44.330,51.410,48
2013-02-07,8523.543,10178.970,6208.230,409130.060,50.375,53.000,44.720,51.475,48
2013-02-08,8889.503,11109.740,6245.390,426696.120,52.287,69.560,44.980,51.505,48
2013-02-09,8219.863,9670.570,6326.810,394553.440,50.672,56.020,45.270,50.885,48
2013-02-10,7800.521,9158.620,6266.830,374425.030,49.041,50.870,45.440,49.840,48
2013-02-11,8080.636,9241.590,6066.430,387870.530,50.406,55.010,44.010,51.120,48
2013-02-12,8088.027,9148.640,6091.140,388225.300,51.580,57.260,44.690,51.740,48
2013-02-13,8000.680,9049.000,6024.070,384032.640,52.009,57.820,44.290,51.905,48
2013-02-14,8188.730,9389.070,6098.180,393059.020,53.909,71.660,44.330,53.535,48
2013-02-15,8226.954,9395.340,6249.170,394893.780,56.826,96.120,46.390,55.015,48
2013-02-16,7453.122,8262.740,5875.960,357749.840,55.832,73.550,45.550,54.515,48
2013-02-17,7251.851,8113.380,5937.030,348088.830,53.822,72.390,46.070,52.930,48
2013-02-18,8267.635,9541.320,6048.540,396846.470,53.084,68.530,42.160,52.975,48
2013-02-19,8581.707,10195.970,6279.350,411921.940,52.550,64.320,46.390,51.605,48
2013-02-20,8558.323,9958.800,6165.390,410799.490,50.962,61.480,43.230,51.475,48
2013-02-21,8505.481,9767.030,6279.130,408263.100,50.032,61.020,44.330,51.165,48
2013-02-22,8304.015,9516.660,6245.310,398592.740,49.019,54.170,43.960,50.010,48
2013-02-23,7609.708,8447.030,6102.320,365265.960,49.361,58.030,43.780,50.080,48
2013-02-24,7880.926,9322.430,5955.420,378284.430,52.544,64.560,43.840,52.685,48
2013-02-25,9138.157,11186.000,6396.090,438631.560,56.484,76.270,47.890,54.580,48
2013-02-26,8811.059,10286.760,6429.950,422930.810,61.262,75.630,46.910,62.405,48
2013-02-27,8834.495,10570.920,6452.390,424055.780,58.542,75.360,49.600,54.650,48
2013-02-28,8395.549,9810.370,6360.700,402986.370,52.396,75.140,46.630,50.075,48
2013-03-01,7877.641,9031.370,6029.770,378126.770,50.706,62.850,42.920,51.000,48
2013-03-02,7184.311,8049.880,5762.290,344846.910,51.626,64.790,42.350,52.535,48
2013-03-03,7017.537,7907.980,5689.530,336841.780,49.473,65.200,43.460,50.010,48
2013-03-04,8004.571,9041.680,5856.370,384219.430,52.823,67.050,43.620,54.615,48
2013-03-05,8228.722,9268.570,6155.040,394978.660,54.537,68.590,45.630,54.095,48
2013-03-06,8330.431,9561.330,6252.090,399860.670,55.129,73.500,44.330,54.015,48
2013-03-07,8508.683,10045.540,6210.900,408416.760,56.539,75.530,47.480,55.040,48
2013-03-08,8396.036,9557.360,6332.910,403009.710,53.626,69.460,47.890,53.835,48
2013-03-09,7738.927,8563.920,6183.960,371468.490,53.811,63.890,45.750,54.670,48
2013-03-10,7562.745,8635.910,6071.030,363011.770,55.265,68.050,49.040,55.585,48
2013-03-11,8457.426,9826.190,6140.620,405956.430,57.688,72.620,45.130,58.935,48
2013-03-12,8439.888,9726.270,6291.630,405114.630,53.683,67.800,46.280,53.630,48
2013-03-13,8402.494,9833.870,6153.390,403319.690,53.059,69.230,44.990,54.045,48
2013-03-14,8267.152,9295.760,6181.600,396823.310,52.532,63.930,45.860,54.280,48
2013-03-15,8163.934,9234.870,6159.980,391868.820,52.245,56.240,44.810,53.560,48
2013-03-16,7655.167,8628.770,6066.410,367448.030,51.674,55.320,44.620,52.530,48
2013-03-17,6979.702,7755.920,5835.820,335025.680,48.724,52.020,44.380,49.460,48
2013-03-18,7784.359,8747.610,5844.870,373649.230,49.991,54.420,42.960,50.930,48
2013-03-19,7841.250,8639.070,5973.810,376380.010,49.372,52.750,44.300,50.025,48
2013-03-20,7898.803,8856.150,5890.310,379142.520,51.047,54.980,43.330,51.350,48
2013-03-21,8047.234,9018.880,5993.070,386267.250,51.632,55.750,44.330,52.550,48
2013-03-22,8332.716,9709.580,5970.890,399970.390,53.338,57.710,45.370,55.010,48
2013-03-23,7718.039,8637.830,6053.530,370465.890,53.367,58.700,47.530,54.725,48
2013-03-24,7709.341,9203.290,5995.170,370048.380,52.050,62.980,44.190,53.295,48
2013-03-25,8492.434,10080.210,6077.190,407636.850,54.316,60.340,47.370,55.015,48
2013-03-26,8602.794,10017.530,6337.750,412934.130,53.422,61.510,47.900,54.970,48
2013-03-27,8769.823,10724.860,6231.010,420951.500,55.191,75.650,45.900,55.070,48
2013-03-28,8564.996,10068.480,6298.030,411119.820,54.767,65.750,49.260,55.010,48
2013-03-29,6776.465,7492.190,5728.400,325270.330,48.999,53.830,43.970,49.970,48
2013-03-30,6816.870,7589.820,5449.590,327209.770,48.902,54.130,43.210,49.865,48
2013-03-31,6622.977,7419.820,5455.570,317902.890,48.291,53.140,41.560,49.695,48
2013-04-01,6889.189,7829.620,5571.350,330681.050,49.351,55.010,44.000,49.965,48
2013-04-02,7736.739,8691.500,5758.480,371363.480,52.613,58.090,44.300,54.295,48
2013-04-03,7804.324,8719.310,5933.180,374607.540,50.477,55.670,44.960,50.210,48
2013-04-04,7813.597,8717.340,5913.730,375052.680,51.758,58.260,45.870,53.490,48
2013-04-05,7768.979,8682.620,5990.860,372910.990,52.174,59.530,45.210,53.490,48
2013-04-06,7169.289,7915.210,5886.900,344125.890,50.600,58.380,45.480,50.050,48
2013-04-07,6974.588,8404.870,5648.790,334780.210,50.794,63.560,45.170,50.065,48
2013-04-08,7777.423,9178.610,5831.030,373316.310,53.739,60.840,46.710,55.250,48
2013-04-09,7928.554,9163.180,5992.170,380570.590,53.006,62.420,42.970,53.515,48
2013-04-10,7962.598,9231.820,6023.570,382204.690,55.348,93.300,45.560,55.335,48
2013-04-11,7924.115,9120.320,6047.020,380357.520,56.216,66.520,45.180,57.195,48
2013-04-12,7933.997,8990.350,6034.670,380831.870,58.726,80.290,46.010,57.820,48
2013-04-13,7243.104,8362.150,5887.290,347668.990,52.273,61.810,44.100,51.675,48
2013-04-14,7003.770,8427.330,5701.800,336180.940,53.524,71.910,47.350,53.395,48
2013-04-15,7856.891,9381.590,5830.580,377130.760,62.372,107.050,46.160,59.170,48
2013-04-16,7984.113,9246.270,6067.830,383237.430,59.510,87.360,49.310,57.095,48
2013-04-17,7861.131,9155.640,6042.390,377334.290,55.888,82.370,45.650,56.490,48
2013-04-18,7872.820,9311.580,5990.950,377895.350,57.728,99.260,44.540,56.875,48
2013-04-19,7689.296,9053.090,5891.020,369086.190,54.110,61.780,45.150,55.020,48
2013-04-20,7448.642,8701.940,5835.620,357534.810,54.335,75.480,43.830,55.285,48
2013-04-21,7105.854,8633.920,5848.540,341081.010,51.814,95.400,44.180,50.065,48
2013-04-22,7720.704,9198.550,5841.550,370593.770,54.221,100.310,44.360,54.180,48
2013-04-23,7741.720,9109.720,6027.250,371602.550,54.753,85.010,44.490,56.110,48
2013-04-24,7761.179,8995.180,6060.700,372536.600,54.396,86.470,45.430,54.815,48
2013-04-25,7061.351,8303.070,6016.140,338944.860,49.950,59.220,45.150,49.750,48
2013-04-26,7451.000,8643.500,5757.180,357648.000,51.223,60.870,44.320,52.345,48
2013-04-27,7028.030,8179.360,5671.230,337345.460,48.451,53.530,42.220,48.830,48
2013-04-28,6816.317,8338.020,5453.050,327183.200,50.328,76.490,43.850,49.100,48
2013-04-29,7777.521,9450.000,5741.210,373321.030,57.866,100.770,44.960,58.160,48
2013-04-30,7967.917,9426.000,6006.870,382460.010,63.008,112.000,46.280,62.325,48
2013-05-01,7947.630,9411.360,6018.610,381486.260,57.764,80.880,49.910,56.890,48
2013-05-02,7925.331,9475.880,5990.890,380415.890,59.640,108.870,48.810,59.190,48
2013-05-03,7901.914,9100.520,6177.730,379291.870,53.166,62.500,45.250,52.795,48
2013-05-04,7326.875,8545.290,5874.710,351689.990,54.786,82.490,44.870,53.210,48
2013-05-05,7216.419,8809.980,5888.630,346388.120,53.173,94.560,45.590,52.675,48
2013-05-06,8090.598,9872.250,6070.750,388348.700,62.092,143.200,46.110,59.320,48
2013-05-07,8136.532,9637.830,6214.000,390553.520,57.490,87.750,46.510,56.835,48
2013-05-08,8071.663,9490.890,6191.350,387439.810,54.035,66.770,43.840,55.085,48
2013-05-09,8041.949,9353.710,6170.540,386013.550,56.999,111.640,45.200,55.325,48
2013-05-10,8033.365,9286.900,6182.500,385601.500,54.867,69.740,45.360,55.200,48
2013-05-11,7458.810,8645.730,5997.160,358022.870,52.735,61.890,45.290,53.110,48
2013-05-12,7173.204,8490.460,5870.480,344313.780,50.102,57.940,44.720,50.100,48
2013-05-13,8136.261,9898.460,5971.790,390540.540,61.477,106.220,44.820,57.840,48
2013-05-14,8118.391,9727.350,6138.750,389682.770,54.079,61.980,45.460,54.280,48
2013-05-15,8193.183,9897.720,6139.030,393272.760,55.120,78.680,45.440,55.925,48
2013-05-16,8135.696,9905.430,6087.020,390513.420,54.468,103.750,45.150,53.960,48
2013-05-17,8184.214,9746.170,6209.800,392842.250,55.619,101.110,44.910,55.485,48
2013-05-18,7653.032,9162.270,6051.910,367345.530,51.407,58.630,44.990,52.520,48
2013-05-19,7562.334,9482.870,5988.640,362992.050,50.632,71.860,44.020,50.445,48
2013-05-20,8453.766,10391.760,6200.420,405780.770,55.383,88.530,44.480,55.390,48
2013-05-21,8385.299,10046.820,6357.040,402494.350,57.806,100.410,45.380,55.000,48
2013-05-22,8880.825,10956.210,6474.310,426279.600,63.623,163.450,45.310,58.895,48
2013-05-23,8637.901,10683.110,6412.820,414619.270,54.224,84.420,45.060,53.385,48
2013-05-24,8647.475,10287.390,6490.290,415078.800,60.820,125.070,43.900,57.035,48
2013-05-25,7933.158,9383.840,6377.220,380791.570,50.700,67.540,45.320,51.510,48
2013-05-26,7837.113,9726.190,6227.030,376181.440,50.222,73.730,44.960,50.025,48
2013-05-27,8685.099,10668.160,6371.560,416884.730,55.395,84.320,45.170,53.215,48
2013-05-28,8660.374,10366.600,6644.600,415697.950,54.168,62.230,45.570,54.610,48
2013-05-29,8495.432,10098.450,6428.280,407780.750,51.855,59.090,44.750,52.420,48
2013-05-30,8504.746,10074.650,6502.660,408227.820,51.980,59.720,44.780,53.005,48
2013-05-31,8299.665,9689.830,6349.920,398383.930,51.468,61.870,44.110,52.670,48
2013-06-01,7771.569,9216.240,6069.650,373035.290,48.864,54.660,43.810,49.515,48
2013-06-02,7987.804,10139.250,5997.810,383414.610,49.555,68.290,42.280,49.785,48
2013-06-03,8687.726,10769.450,6317.020,417010.840,52.410,72.120,44.390,52.140,48
2013-06-04,8752.833,10456.640,6647.300,420135.990,53.344,68.380,45.450,53.005,48
2013-06-05,8802.946,10624.740,6613.170,422541.410,51.238,58.510,44.460,51.455,48
2013-06-06,8601.856,10293.120,6364.720,412889.070,49.784,55.980,43.460,49.815,48
2013-06-07,8277.262,9655.640,6223.830,397308.560,49.824,56.860,38.330,49.800,48
2013-06-08,7950.051,9405.840,6340.540,381602.450,50.163,56.470,44.710,49.765,48
2013-06-09,7618.490,9169.950,6124.180,365687.510,48.515,54.120,43.070,48.390,48
2013-06-10,7843.812,9909.800,6018.770,376502.980,49.087,64.440,39.750,49.640,48
2013-06-11,8587.472,10448.130,6272.750,412198.640,53.384,68.420,44.360,53.370,48
2013-06-12,8979.124,10953.720,6497.510,430997.960,55.553,87.510,45.040,56.195,48
2013-06-13,8600.272,10336.180,6493.400,412813.050,52.061,59.530,44.340,53.015,48
2013-06-14,8577.879,10234.740,6413.800,411738.210,51.427,58.820,44.550,52.660,48
2013-06-15,8028.054,9664.850,6353.980,385346.580,53.076,63.680,45.450,53.090,48
2013-06-16,7927.220,10047.600,6208.380,380506.580,54.984,94.080,45.570,52.950,48
2013-06-17,9027.072,11174.290,6436.510,433299.470,57.172,79.670,48.030,56.345,48
2013-06-18,9183.809,11271.530,6911.660,440822.850,58.200,88.810,52.650,56.785,48
2013-06-19,9169.857,11288.590,6746.510,440153.140,58.571,94.550,47.010,55.750,48
2013-06-20,9251.572,11260.260,6881.710,444075.460,66.539,151.170,47.010,57.110,48
2013-06-21,9191.725,11008.550,6887.770,441202.780,61.927,126.310,33.530,57.990,48
2013-06-22,8792.427,10606.610,6808.200,422036.510,74.016,170.630,51.520,66.140,48
2013-06-23,8552.535,10814.960,6366.790,410521.690,64.637,113.230,48.110,59.540,48
2013-06-24,9315.550,11553.750,6526.520,447146.420,79.738,130.350,52.820,77.065,48
2013-06-25,9360.101,11537.780,6766.670,449284.840,61.482,113.670,51.690,57.095,48
2013-06-26,8928.640,10751.770,6626.670,428574.720,58.496,83.160,50.650,56.740,48
2013-06-27,8869.096,10684.590,6617.130,425716.610,57.606,67.500,50.970,57.145,48
2013-06-28,8861.289,10520.340,6586.290,425341.860,61.421,94.750,52.970,59.800,48
2013-06-29,8431.207,10101.670,6389.750,404697.920,58.270,82.680,50.620,56.745,48
2013-06-30,8141.400,10179.560,6191.790,390787.190,53.767,66.230,47.930,53.085,48
2013-07-01,7967.850,7967.850,7967.850,7967.850,53.050,53.050,53.050,53.050,1
